{
  "type": "minecraft:crafting_shaped",
  "pattern": [
    "012",
    "345"
  ],
  "key": {
    "0": {
      "item": "minecraft:smooth_stone_slab"
    },
    "1": {
      "item": "minecraft:anvil"
    },
    "2": {
      "item": "minecraft:smooth_stone_slab"
    },
    "3": {
      "item": "minecraft:obsidian"
    },
    "4": {
      "item": "minecraft:crafting_table"
    },
    "5": {
      "item": "minecraft:obsidian"
    }
  },
  "result": {
    "item": "quality_equipment:reforging_station",
    "count": 1
  }
}