{
  "_fv": 60,
  "_type": "gui",
  "definition": {
    "type": 1,
    "width": 176,
    "height": 166,
    "inventoryOffsetX": 0,
    "inventoryOffsetY": 0,
    "renderBgLayer": true,
    "doesPauseGame": false,
    "components": [
      {
        "type": "outputslot",
        "data": {
          "id": 2,
          "disablePickup": {
            "fixedValue": false
          },
          "dropItemsWhenNotBound": false,
          "onTakenFromSlot": {
            "name": "Takenslotresult"
          },
          "x": 205,
          "y": 75
        }
      },
      {
        "type": "image",
        "data": {
          "image": "reforging_station.png",
          "use1Xscale": false,
          "x": 126,
          "y": 37
        }
      },
      {
        "type": "inputslot",
        "data": {
          "inputLimit": {
            "value": ""
          },
          "disablePlacement": {
            "fixedValue": false
          },
          "id": 0,
          "disablePickup": {
            "fixedValue": false
          },
          "dropItemsWhenNotBound": true,
          "onSlotChanged": {
            "name": "SlotUp"
          },
          "x": 205,
          "y": 55
        }
      },
      {
        "type": "inputslot",
        "data": {
          "inputLimit": {
            "value": ""
          },
          "disablePlacement": {
            "fixedValue": false
          },
          "id": 1,
          "disablePickup": {
            "fixedValue": false
          },
          "dropItemsWhenNotBound": true,
          "onSlotChanged": {
            "name": "SlotDown"
          },
          "x": 205,
          "y": 95
        }
      },
      {
        "type": "image",
        "data": {
          "image": "ingot_img.png",
          "use1Xscale": false,
          "x": 188,
          "y": 80
        }
      },
      {
        "type": "image",
        "data": {
          "image": "swordgui.png",
          "use1Xscale": false,
          "x": 187,
          "y": 41
        }
      },
      {
        "type": "image",
        "data": {
          "image": "hammeroff.png",
          "use1Xscale": false,
          "displayCondition": {
            "name": "Showoffhammer"
          },
          "x": 30,
          "y": 60
        }
      },
      {
        "type": "label",
        "data": {
          "name": "label_reforging_station",
          "text": {
            "fixedValue": "Reforging Station"
          },
          "color": {
            "value": -12829636,
            "falpha": 0.0
          },
          "x": 170,
          "y": 43
        }
      },
      {
        "type": "label",
        "data": {
          "name": "label_inventory",
          "text": {
            "fixedValue": "Inventory"
          },
          "color": {
            "value": -12829636,
            "falpha": 0.0
          },
          "x": 134,
          "y": 108
        }
      },
      {
        "type": "image",
        "data": {
          "image": "cover1.png",
          "use1Xscale": false,
          "displayCondition": {
            "name": "Cover1"
          },
          "x": 188,
          "y": 40
        }
      },
      {
        "type": "image",
        "data": {
          "image": "cover1.png",
          "use1Xscale": false,
          "displayCondition": {
            "name": "Cover"
          },
          "x": 188,
          "y": 80
        }
      },
      {
        "type": "image",
        "data": {
          "image": "successhammer.png",
          "use1Xscale": false,
          "displayCondition": {
            "name": "Showonhammer"
          },
          "x": 30,
          "y": 76
        }
      },
      {
        "type": "image",
        "data": {
          "image": "hammeroff.png",
          "use1Xscale": false,
          "displayCondition": {
            "name": "Clickedchange"
          },
          "x": 30,
          "y": 60
        }
      }
    ],
    "onTick": {
      "name": "ReforgingStationGUIWhileThisGUIIsOpenTick"
    },
    "gridSettings": {
      "sx": 18,
      "sy": 18,
      "ox": 11,
      "oy": 15,
      "snapOnGrid": false
    }
  }
}