{
  "parent": "quality_equipment:custom/reforging_station",
  "textures": {
    "all": "quality_equipment:blocks/smooth_stone",
    "particle": "quality_equipment:blocks/smooth_stone",
    "slab_top": "quality_equipment:blocks/smooth_stone",
    "obsidian": "quality_equipment:blocks/obsidian",
    "anvil_top": "quality_equipment:blocks/anvil_top",
    "slab_side": "quality_equipment:blocks/smooth_stone_slab_side",
    "wood": "quality_equipment:blocks/oak_log",
    "anvil_body": "quality_equipment:blocks/anvil"
  }
}