{
  "_fv": 24,
  "_type": "recipe",
  "definition": {
    "recipeType": "Crafting",
    "xpReward": 0.0,
    "cookingTime": 200,
    "recipeRetstackSize": 1,
    "group": "",
    "recipeShapeless": false,
    "recipeSlots": [
      {
        "value": ""
      },
      {
        "value": ""
      },
      {
        "value": ""
      },
      {
        "value": "Blocks.STONE_SLAB#0"
      },
      {
        "value": "Blocks.ANVIL#0"
      },
      {
        "value": "Blocks.STONE_SLAB#0"
      },
      {
        "value": "Blocks.OBSIDIAN"
      },
      {
        "value": "Blocks.CRAFTING_TABLE"
      },
      {
        "value": "Blocks.OBSIDIAN"
      }
    ],
    "recipeReturnStack": {
      "value": "CUSTOM:ReforgingStation"
    },
    "name": "reforging_station_recipe",
    "namespace": "mod"
  }
}