{
  "_fv": 24,
  "_type": "gui",
  "definition": {
    "type": 1,
    "width": 176,
    "height": 166,
    "inventoryOffsetX": 0,
    "inventoryOffsetY": 0,
    "renderBgLayer": true,
    "doesPauseGame": false,
    "components": [
      {
        "type": "image",
        "data": {
          "image": "reforging_station.png",
          "use1Xscale": false,
          "name": "reforging_station.png",
          "x": 125,
          "y": 37
        }
      },
      {
        "type": "inputslot",
        "data": {
          "inputLimit": {
            "value": ""
          },
          "id": 0,
          "disableStackInteraction": false,
          "dropItemsWhenNotBound": true,
          "name": "Slot #0",
          "x": 205,
          "y": 55
        }
      },
      {
        "type": "inputslot",
        "data": {
          "inputLimit": {
            "value": ""
          },
          "id": 1,
          "disableStackInteraction": false,
          "dropItemsWhenNotBound": true,
          "name": "Slot #1",
          "x": 205,
          "y": 95
        }
      },
      {
        "type": "image",
        "data": {
          "image": "ingotgui.png",
          "use1Xscale": false,
          "name": "ingotgui.png",
          "x": 188,
          "y": 80
        }
      },
      {
        "type": "image",
        "data": {
          "image": "swordgui.png",
          "use1Xscale": false,
          "name": "swordgui.png",
          "x": 187,
          "y": 41
        }
      },
      {
        "type": "image",
        "data": {
          "image": "cover1.png",
          "use1Xscale": false,
          "displayCondition": {
            "name": "Cover1"
          },
          "name": "cover1.png",
          "x": 188,
          "y": 40
        }
      },
      {
        "type": "image",
        "data": {
          "image": "cover.png",
          "use1Xscale": false,
          "displayCondition": {
            "name": "Cover"
          },
          "name": "cover.png",
          "x": 189,
          "y": 77
        }
      }
    ],
    "onTick": {
      "name": "SlotTop"
    },
    "gridSettings": {
      "sx": 18,
      "sy": 18,
      "ox": 11,
      "oy": 15,
      "snapOnGrid": false
    }
  }
}