{
  "_fv": 38,
  "_type": "config",
  "definition": {
    "pools": [
      {
        "category": "a",
        "entries": [
          {
            "item": {
              "value": "Blocks.MOSSY_COBBLESTONE"
            },
            "silkTouchMode": 4,
            "block": {
              "value": ""
            },
            "logicField": 0,
            "numberField": 0.0,
            "textDefault": "",
            "comment": "a",
            "vardisplay": "a",
            "varname": "a",
            "enablecomment": true,
            "onlyComment": false,
            "entityType": "CUSTOM:Hitboxreach"
          }
        ]
      }
    ],
    "file": "a",
    "configType": 0
  }
}