{
  "parent": "quality_equipment:custom/reforging_station",
  "textures": {
    "all": "quality_equipment:block/smooth_stone",
    "particle": "quality_equipment:block/smooth_stone",
    "slab_top": "quality_equipment:block/smooth_stone",
    "obsidian": "quality_equipment:block/obsidian",
    "anvil_top": "quality_equipment:block/anvil_top",
    "slab_side": "quality_equipment:block/smooth_stone_slab_side",
    "wood": "quality_equipment:block/oak_log",
    "anvil_body": "quality_equipment:block/anvil"
  },
  "render_type": "solid"
}